{"Fold1/Val_F1":0,"Fold5/GPU_Memory_MB":17.884765625,"Fold1/Val_Accuracy":0.9679248626617047,"Fold1/Val_Precision":0,"Fold5/Val_Recall":0,"Fold2/Val_Recall":0.05555555555555555,"Fold4/Epoch":10,"Fold4/Val_Accuracy":0.9677020825979527,"Fold2/Epoch":10,"Fold2/Val_F1":0.0078125,"Fold5/Val_Accuracy":0.9939705621564107,"Fold4/GPU_Memory_MB":17.88330078125,"Fold2/Val_AUC":0.38837997549310244,"Fold5/Val_Precision":0,"Fold1/Val_AUC":0.4753245598434999,"Fold2/Val_Accuracy":0.9549645390070922,"_wandb":{"runtime":71},"Fold1/Val_Recall":0,"_timestamp":1.7460746914751768e+09,"Fold5/Epoch":10,"Fold4/Val_F1":0.010810810810810811,"Fold5/Val_F1":0,"_step":49,"Fold3/Val_AUC":0.5429179223541925,"Fold3/GPU_Memory_MB":17.88818359375,"Fold3/Val_Recall":0.9333333333333333,"Fold4/Val_Recall":0.045454545454545456,"Fold2/GPU_Memory_MB":17.884765625,"Fold1/Epoch":10,"Fold5/Val_AUC":0.5397719589403159,"_runtime":71.097352039,"Fold1/GPU_Memory_MB":17.81201171875,"Fold4/Val_AUC":0.4002359706204497,"Fold3/Epoch":10,"Fold3/Val_F1":0.005201560468140442,"Fold4/Val_Precision":0.006134969325153374,"Fold2/Val_Precision":0.004201680672268907,"Fold3/Val_Accuracy":0.053217821782178217,"Fold3/Val_Precision":0.0026080476900149033}