{"ece":0.036679684391336946,"_wandb":{"runtime":36},"accuracy":0.9786474105132386,"recall":0.16463414634146342,"_runtime":36.41679876,"precision":0.9818181818181818,"f1":0.2819843342036554,"roc_auc":0.5746001436091964,"reliability_diagram_bar":{"_type":"image-file","sha256":"95eb55832a5264e0aba835a06a10b6e83f0bd22e282e8e37939bcf47cc7325ea","size":31584,"path":"media/images/reliability_diagram_bar_1_95eb55832a5264e0aba8.png","format":"png","width":600,"height":600},"_step":3,"confusion_matrix":{"height":400,"_type":"image-file","sha256":"16de2769e8615ec4dbb26b12664824cf20092ad5457727ef314ff916f98fab49","size":18146,"path":"media/images/confusion_matrix_0_16de2769e8615ec4dbb2.png","format":"png","width":500},"_timestamp":1.747532296557291e+09}