{"Fold1/Val_Accuracy":0.9964557859294702,"Fold5/Val_AUC":0.5620443788800787,"Fold3/Val_AUC":0.53933699698635,"Fold3/Val_Recall":0,"Fold5/GPU_Memory_MB":20.16015625,"Fold3/Val_Accuracy":0.9946958981612447,"_wandb":{"runtime":105},"Fold1/Epoch":10,"Fold3/Epoch":10,"Fold1/Val_Precision":0,"Fold3/GPU_Memory_MB":20.1650390625,"Fold2/Val_AUC":0.5461036009328433,"Fold1/Val_Recall":0,"_timestamp":1.7460769191389847e+09,"Fold1/Val_F1":0,"Fold4/Val_Accuracy":0.9721143663960466,"Fold4/Val_Precision":0.007246376811594203,"Fold4/Val_Recall":0.045454545454545456,"_step":49,"Fold5/Val_Recall":0.034482758620689655,"Fold2/Val_Recall":0,"Fold4/Val_AUC":0.4964564138908575,"Fold5/Val_Precision":0.009259259259259259,"Fold5/Val_Accuracy":0.9760595850328072,"Fold2/Val_F1":0,"Fold3/Val_Precision":0,"Fold2/Val_Accuracy":0.9968085106382979,"Fold5/Val_F1":0.014598540145985401,"Fold2/GPU_Memory_MB":20.16064453125,"_runtime":105.71929737,"Fold4/Val_F1":0.0125,"Fold2/Epoch":10,"Fold1/Val_AUC":0.3472479103681309,"Fold4/GPU_Memory_MB":20.1591796875,"Fold1/GPU_Memory_MB":19.63330078125,"Fold2/Val_Precision":0,"Fold3/Val_F1":0,"Fold5/Epoch":10,"Fold4/Epoch":10}