{"_runtime":0.971911119,"f1":0.9423929098966026,"_step":0,"accuracy":0.9969711090400746,"recall":0.9725609756097561,"roc_auc":0.9993563739630065,"_timestamp":1.7471175178307076e+09,"precision":0.9140401146131805,"_wandb":{"runtime":0}}