{"_wandb":{"runtime":105},"Fold4/Val_F1":0.009259259259259259,"Fold4/GPU_Memory_MB":20.13916015625,"Fold4/Val_Precision":0.005154639175257732,"Fold5/GPU_Memory_MB":20.140625,"Fold5/Val_AUC":0.49723400331919604,"_timestamp":1.7460750284952853e+09,"Fold1/Val_Precision":0.003848003848003848,"Fold5/Val_Precision":0.0051427558077673345,"Fold2/GPU_Memory_MB":20.140625,"Fold3/Val_Recall":0.8,"_runtime":105.226566904,"Fold1/Epoch":10,"Fold3/Val_Accuracy":0.253005657708628,"Fold4/Epoch":10,"_step":49,"Fold1/Val_Accuracy":0.26528442317916,"Fold5/Val_Accuracy":0.0051427558077673345,"Fold1/Val_Recall":0.8,"Fold5/Epoch":10,"Fold4/Val_AUC":0.5014093808388634,"Fold4/Val_Accuracy":0.9622308506883163,"Fold5/Val_Recall":1,"Fold3/Val_AUC":0.5991609052768423,"Fold2/Val_Precision":0.0031914893617021275,"Fold2/Epoch":10,"Fold2/Val_AUC":0.5438110201984268,"Fold2/Val_Accuracy":0.0031914893617021275,"Fold4/Val_Recall":0.045454545454545456,"Fold5/Val_F1":0.010232886379675371,"Fold1/GPU_Memory_MB":19.61669921875,"Fold3/Val_Precision":0.002834199338686821,"Fold1/Val_F1":0.007659167065581618,"Fold1/Val_AUC":0.4525342343944514,"Fold2/Val_F1":0.006362672322375398,"Fold3/GPU_Memory_MB":20.14404296875,"Fold3/Epoch":10,"Fold3/Val_F1":0.00564838785596611,"Fold2/Val_Recall":1}