{"Fold4/Val_Precision":0.005494505494505495,"Fold2/Val_F1":0.006362672322375398,"Fold4/GPU_Memory_MB":20.1591796875,"_step":49,"Fold4/Epoch":10,"Fold2/Val_AUC":0.5066010514249575,"Fold1/Epoch":10,"Fold3/GPU_Memory_MB":20.1650390625,"_runtime":102.827470169,"Fold1/Val_Precision":0.00354421407052986,"Fold4/Val_Accuracy":0.9643487469114014,"Fold3/Val_F1":0,"Fold5/GPU_Memory_MB":20.16015625,"Fold5/Val_Precision":0,"Fold2/Val_Recall":1,"Fold3/Val_Accuracy":0.9973479490806223,"Fold1/Val_AUC":0.41988707095856304,"Fold2/GPU_Memory_MB":20.16064453125,"Fold3/Epoch":10,"Fold4/Val_Recall":0.045454545454545456,"Fold3/Val_Recall":0,"Fold5/Val_F1":0,"Fold3/Val_Precision":0,"Fold3/Val_AUC":0.5196714530520594,"Fold5/Val_Recall":0,"Fold1/Val_Accuracy":0.00354421407052986,"_timestamp":1.7460773416994324e+09,"Fold5/Val_Accuracy":0.9948572441922326,"Fold2/Val_Precision":0.0031914893617021275,"Fold5/Val_AUC":0.4705759419755363,"Fold2/Epoch":10,"Fold1/Val_Recall":1,"Fold1/Val_F1":0.0070633939607981635,"Fold4/Val_AUC":0.5055489337027254,"_wandb":{"runtime":102},"Fold5/Epoch":10,"Fold2/Val_Accuracy":0.0031914893617021275,"Fold4/Val_F1":0.00980392156862745,"Fold1/GPU_Memory_MB":19.63330078125}