{"Fold3/GPU_Memory_MB":17.8994140625,"Fold2/GPU_Memory_MB":17.89501953125,"Fold4/Val_Precision":0.004878048780487805,"Fold1/Val_Accuracy":0.9950381003012582,"Fold3/Val_Accuracy":0.98497171145686,"Fold3/Val_AUC":0.6011168232582875,"Fold2/Epoch":10,"_runtime":71.353115577,"_timestamp":1.7460771392672093e+09,"Fold3/Epoch":10,"Fold4/Val_F1":0.00881057268722467,"Fold2/Val_Accuracy":0.6925531914893617,"Fold1/Epoch":10,"_step":49,"Fold3/Val_Precision":0.013888888888888888,"Fold5/Val_AUC":0.4885272604339541,"Fold4/Val_AUC":0.46896140712582957,"Fold1/Val_AUC":0.5018362084296639,"Fold4/GPU_Memory_MB":17.8935546875,"Fold5/Val_Accuracy":0.9783649583259443,"Fold2/Val_Precision":0.002320185614849188,"Fold5/Val_Precision":0.010526315789473684,"Fold2/Val_F1":0.004592422502870264,"Fold3/Val_F1":0.022988505747126436,"Fold3/Val_Recall":0.06666666666666667,"Fold2/Val_AUC":0.45358512194157874,"Fold4/Val_Recall":0.045454545454545456,"Fold1/Val_Precision":0,"Fold1/Val_F1":0,"_wandb":{"runtime":71},"Fold1/Val_Recall":0,"Fold1/GPU_Memory_MB":17.82080078125,"Fold4/Epoch":10,"Fold5/Val_F1":0.016129032258064516,"Fold5/GPU_Memory_MB":17.89453125,"Fold2/Val_Recall":0.2222222222222222,"Fold4/Val_Accuracy":0.9602894458171549,"Fold5/Epoch":10,"Fold5/Val_Recall":0.034482758620689655}