{"Fold1/Val_AUC":0.5084252178552373,"Fold2/Val_F1":0,"Fold2/Val_AUC":0.564246610537966,"Fold1/Epoch":10,"Fold5/Val_Accuracy":0.9948572441922326,"Fold5/Val_AUC":0.5600497879402545,"Fold5/Epoch":10,"Fold2/Val_Accuracy":0.9968085106382979,"Fold1/GPU_Memory_MB":17.81201171875,"Fold3/GPU_Memory_MB":17.88818359375,"Fold3/Val_Accuracy":0.9973479490806223,"Fold3/Val_AUC":0.5416888258582994,"Fold4/Val_AUC":0.47534791572707946,"Fold4/Epoch":10,"Fold2/Epoch":10,"Fold5/Val_F1":0,"Fold3/Epoch":10,"_runtime":71.113513104,"Fold4/Val_F1":0,"Fold4/Val_Accuracy":0.9961171902576774,"_timestamp":1.7460739857636616e+09,"Fold4/GPU_Memory_MB":17.88330078125,"Fold2/GPU_Memory_MB":17.884765625,"Fold3/Val_F1":0,"_wandb":{"runtime":71},"Fold5/GPU_Memory_MB":17.884765625,"Fold1/Val_Accuracy":0.9964557859294702,"Fold1/Val_F1":0,"_step":49}